epoch,time(s),train_loss,test_loss,test_acc(%)
001,00082,2.039414,2.70183,23.83
002,00082,1.679867,2.15842,33.37
